{"phones": ["'", "+", "-", "0", "2", "6", "a", "b", "c", "d", "e", "f", "g", "i", "i/j", "j", "k", "l", "m", "n", "o", "p", "r", "s", "t", "u", "v", "x", "z", "\u00e0", "\u00e7", "\u00e8", "\u00ec", "\u00f0", "\u00f2", "\u00f9", "\u014b", "\u025f", "\u0263", "\u0272", "\u028e", "\u029d", "\u03b8", "\u2026"], "version": "2.0.6", "architecture": "gmm-hmm", "train_date": "2022-10-05 06:01:10.165251", "training": {"audio_duration": 339831.4294000114, "num_speakers": 5, "num_utterances": 259844, "num_oovs": 0, "average_log_likelihood": -0.09231608178953783}, "dictionaries": {"names": ["phonDict"], "default": "phonDict", "silence_word": "<eps>", "use_g2p": false, "oov_word": "<unk>", "bracketed_word": "[bracketed]", "laughter_word": "[laughter]", "position_dependent_phones": true, "clitic_marker": "'"}, "features": {"type": "mfcc", "use_energy": false, "frame_shift": 10, "frame_length": 25, "snip_edges": true, "low_frequency": 20, "high_frequency": 7800, "sample_frequency": 16000, "allow_downsample": true, "allow_upsample": true, "uses_cmvn": true, "uses_deltas": true, "uses_voiced": false, "uses_splices": false, "uses_speaker_adaptation": true, "use_pitch": false, "min_f0": 50, "max_f0": 500, "delta_pitch": 0.005, "penalty_factor": 0.1}, "oov_phone": "spn", "optional_silence_phone": "sil", "phone_set_type": "UNKNOWN", "silence_probability": 0.1911178931008725, "initial_silence_probability": 0.19, "final_silence_correction": 1.1, "final_non_silence_correction": 1.01}